"","weights","r0","s0"
"1",0.898835506942005,2,198
"2",0.0906186998648806,1.5,98.5
"3",0.0105457931931139,3.5,96.5
